Country,Capital,Official Name,Local Name,Local Official Name,Currency,Currency Code,Demonym,Alpha-2 Code,Alpha-3 Code,Numeric Code,Calling Code,Driving Side,Languages,Flag Emoji,ISO
Afghanistan,Kabul,Islamic Emirate of Afghanistan,Ø§ÙØºØ§Ù†Ø³ØªØ§Ù†,Ø¯ Ø§ÙØºØ§Ù†Ø³ØªØ§Ù† Ø§Ø³Ù„Ø§Ù…ÙŠ Ø§Ù…Ø§Ø±Øª,Afghani,AFN,Afghan,AF,AFG,4,93,Right,Dari|Pashto,ğŸ‡¦ğŸ‡«,ISO 3166-2:AF
Albania,Tirana,Republic of Albania,ShqipÃ«ria,Republika e ShqipÃ«risÃ«,Lek,ALL,Albanian,AL,ALB,8,355,Right,Albanian,ğŸ‡¦ğŸ‡±,ISO 3166-2:AL
Algeria,Algiers,People's Democratic Republic of Algeria,Ø§Ù„Ø¬Ø²Ø§Ø¦Ø±,Ø§Ù„Ø¬Ù…Ù‡ÙˆØ±ÙŠØ© Ø§Ù„Ø¬Ø²Ø§Ø¦Ø±ÙŠØ© Ø§Ù„Ø¯ÙŠÙ…Ù‚Ø±Ø§Ø·ÙŠØ© Ø§Ù„Ø´Ø¹Ø¨ÙŠØ©,Algerian Dinar,DZD,Algerian,DZ,DZA,12,213,Right,Arabic|Berber,ğŸ‡©ğŸ‡¿,ISO 3166-2:DZ
Andorra,Andorra la Vella,Principality of Andorra,,Principat dâ€™Andorra,Euro,EUR,Andorran,AD,AND,20,376,Right,Catalan,ğŸ‡¦ğŸ‡©,ISO 3166-2:AD
Angola,Luanda,Republic of Angola,,RepÃºblica de Angola,Kwanza,AOA,Angolan,AO,AGO,24,244,Right,Portuguese|Kimbundu|Umbundu|Chokwe|Kikongo,ğŸ‡¦ğŸ‡´,ISO 3166-2:AO
Antigua and Barbuda,St. Johnâ€™s,,,,East Caribbean Dollar,XCD,Antiguan|Barbudan,AG,ATG,28,+1-268,Left,English|Creole,ğŸ‡¦ğŸ‡¬,ISO 3166-2:AG
Argentina,Buenos Aires,Argentine Republic,,RepÃºblica Argentina,Argentine Peso,ARS,Argentine|Argentinian,AR,ARG,32,54,Right,Spanish,ğŸ‡¦ğŸ‡·,ISO 3166-2:AR
Armenia,Yerevan,Republic of Armenia,Õ€Õ¡ÕµÕ¡Õ½Õ¿Õ¡Õ¶,Õ€Õ¡ÕµÕ¡Õ½Õ¿Õ¡Õ¶Õ« Õ€Õ¡Õ¶Ö€Õ¡ÕºÕ¥Õ¿Õ¸Ö‚Õ©ÕµÕ¸Ö‚Õ¶ ,Dram,AMD,Armenian,AM,ARM,51,374,Right,Armenian,ğŸ‡¦ğŸ‡²,ISO 3166-2:AM
Australia,Canberra,Commonwealth of Australia,,,Australian Dollar,AUD,Australian,AU,AUS,36,61,Left,English,ğŸ‡¦ğŸ‡º,ISO 3166-2:AU
Austria,Vienna,Republic of Austria,Ã–sterreich,Republik Ã–sterreich,Euro,EUR,Austrian,AT,AUT,40,43,Right,German,ğŸ‡¦ğŸ‡¹,ISO 3166-2:AT
Azerbaijan,Baku,Republic of Azerbaijan,AzÉ™rbaycan,AzÉ™rbaycan RespublikasÄ± ,Manat,AZN,Azerbaijani|Azeri,AZ,AZE,31,994,Right,Azerbaijani,ğŸ‡¦ğŸ‡¿,ISO 3166-2:AZ
Bahamas,Nassau,Commonwealth of The Bahamas,,,Bahamian Dollar,BSD,Bahamian,BS,BHS,44,+1-242,Left,English|Creole,ğŸ‡§ğŸ‡¸,ISO 3166-2:BS
Bahrain,Manama,Kingdom of Bahrain,Ø§Ù„Ø¨Ø­Ø±ÙŠÙ†,Ù…Ù…Ù„ÙƒØ© Ø§Ù„Ø¨Ø­Ø±ÙŠÙ†,Bahraini Dinar,BHD,Bahraini,BH,BHR,48,973,Right,Arabic|English,ğŸ‡§ğŸ‡­,ISO 3166-2:BH
Bangladesh,Dhaka,People's Republic of Bangladesh,à¦¬à¦¾à¦‚à¦²à¦¾à¦¦à§‡à¦¶,à¦—à¦£à¦ªà§à¦°à¦œà¦¾à¦¤à¦¨à§à¦¤à§à¦°à§€ à¦¬à¦¾à¦‚à¦²à¦¾à¦¦à§‡à¦¶,Taka,BDT,Bangladeshi,BD,BGD,50,880,Left,Bengali,ğŸ‡§ğŸ‡©,ISO 3166-2:BD
Barbados,Bridgetown,,,,Barbadian Dollar,BBD,Barbadian,BB,BRB,52,+1-246,Left,English,ğŸ‡§ğŸ‡§,ISO 3166-2:BB
Belarus,Minsk,Republic of Belarus,Ğ‘ĞµĞ»Ğ°Ñ€ÑƒÑÑŒ,Ğ ÑÑĞ¿ÑƒĞ±Ğ»Ñ–ĞºĞ° Ğ‘ĞµĞ»Ğ°Ñ€ÑƒÑÑŒ,Belarusian Ruble,BYN,Belarusian,BY,BLR,112,375,Right,Belarusian|Russian,ğŸ‡§ğŸ‡¾,ISO 3166-2:BY
Belgium,Brussels,Kingdom of Belgium,BelgiÃ«,Koninkrijk BelgiÃ«,Euro,EUR,Belgian,BE,BEL,56,32,Right,Dutch|French|German,ğŸ‡§ğŸ‡ª,ISO 3166-2:BE
Belize,Belmopan,,,,Belize Dollar,BZD,Belizean,BZ,BLZ,84,501,Right,English,ğŸ‡§ğŸ‡¿,ISO 3166-2:BZ
Benin,Porto-Novo,Republic of Benin,BÃ©nin,RÃ©publique du BÃ©nin,West African CFA Franc,XOF,Beninese,BJ,BEN,204,229,Right,French,ğŸ‡§ğŸ‡¯,ISO 3166-2:BJ
Bhutan,Thimphu,Kingdom of Bhutan,à½ à½–à¾²à½´à½‚à¼‹à½¡à½´à½£à¼‹,à½‘à½”à½£à¼‹à½£à¾¡à½“à¼‹à½ à½–à¾²à½´à½‚à¼‹à½”à½ à½²à¼‹à½¢à¾’à¾±à½£à¼‹à½à½–à¼‹,Ngultrum|Indian Rupee,BTN|INR,Bhutanese,BT,BTN,64,975,Left,Dzongkha,ğŸ‡§ğŸ‡¹,ISO 3166-2:BT
Bolivia,Sucre|La Paz,Plurinational State of Bolivia,,Estado Plurinacional de Bolivia,Boliviano,BOB,Bolivian,BO,BOL,68,591,Right,Spanish|Quechua|Aymara|Guarani,ğŸ‡§ğŸ‡´,ISO 3166-2:BO
Bosnia and Herzegovina,Sarajevo,,Bosna i Hercegovina,,Convertible Mark,BAM,Bosnian|Herzegovinian,BA,BIH,70,387,Right,Bosnian|Serbian|Croatian,ğŸ‡§ğŸ‡¦,ISO 3166-2:BA
Botswana,Gaborone,Republic of Botswana,,Lefatshe la Botswana,Pula,BWP,Motswana|Batswana,BW,BWA,72,267,Left,Setswana|English,ğŸ‡§ğŸ‡¼,ISO 3166-2:BW
Brazil,Brasilia,Federative Republic of Brazil,Brasil,RepÃºblica Federativa do Brasil,Real,BRL,Brazilian,BR,BRA,76,55,Right,Porguguese,ğŸ‡§ğŸ‡·,ISO 3166-2:BR
Brunei,Bandar Seri Begawan,"Nation of Brunei, the Abode of Peace",Brunei Darussalam,Negara Brunei Darussalam,Brunei Dollar,BND,Bruneian,BN,BRN,96,673,Left,Malay|English,ğŸ‡§ğŸ‡³,ISO 3166-2:BN
Bulgaria,Sofia,Republic of Bulgaria,Ğ‘ÑŠĞ»Ğ³Ğ°Ñ€Ğ¸Ñ,Ğ ĞµĞ¿ÑƒĞ±Ğ»Ğ¸ĞºĞ° Ğ‘ÑŠĞ»Ğ³Ğ°Ñ€Ğ¸Ñ,Lev,BGN,Bulgarian,BG,BGR,100,359,Right,Bulgarian,ğŸ‡§ğŸ‡¬,ISO 3166-2:BG
Burkina Faso,Ouagadougou,,,,West African CFA Franc,XOF,BurkinabÃ©|BurkinabÃ¨|Burkinese,BF,BFA,854,226,Right,French,ğŸ‡§ğŸ‡«,ISO 3166-2:BF
Burundi,Gitega|Bujumbura,Republic of Burundi,,Repubulika yâ€™Uburundi,Burundian Franc,BIF,Burundian,BI,BDI,108,257,Right,Kirundi|French|English,ğŸ‡§ğŸ‡®,ISO 3166-2:BI
Cambodia,Phnom Penh,Kingdom of Cambodia,á€á˜áŸ’á–á»á‡á¶,á–áŸ’ášáŸ‡ášá¶á‡á¶áá¶á…á€áŸ’ášá€á˜áŸ’á–á»á‡á¶,Riel,KHR,Cambodian|Khmer,KH,KHM,116,855,Right,Khmer,ğŸ‡°ğŸ‡­,ISO 3166-2:KH
Cameroon,YaoundÃ©,Republic of Cameroon,Cameroun,RÃ©publique du Cameroun,Central African CFA Franc,XAF,Cameroonian,CM,CMR,120,237,Right,French|English,ğŸ‡¨ğŸ‡²,ISO 3166-2:CM
Canada,Ottawa,,,,Canadian Dollar,CAD,Canadian,CA,CAN,124,1,Right,English|French,ğŸ‡¨ğŸ‡¦,ISO 3166-2:CA
Cape Verde,Praia,Republic of Cabo Verde,Cabo Verde,RepÃºblica de Cabo Verde,Cape Verdean Escudo,CVE,Cape Verdean|Cabo Verdan,CV,CPV,132,238,Right,Portuguese|Creole,ğŸ‡¨ğŸ‡»,ISO 3166-2:CV
Central African Republic,Bangui,,RÃ©publique centrafricaine,,Central African CFA Franc,XAF,Central African,CF,CAF,140,236,Right,French|Sango,ğŸ‡¨ğŸ‡«,ISO 3166-2:CF
Chad,Nâ€™Djamena,Republic of Chad,ØªØ´Ø§Ø¯,Ø¬Ù…Ù‡ÙˆØ±ÙŠØ© ØªØ´Ø§Ø¯,Central African CFA Franc,XAF,Chadian,TD,TCD,148,235,Right,Arabic|French,ğŸ‡¹ğŸ‡©,ISO 3166-2:TD
Chile,Santiago,Republic of Chile,,RepÃºblica de Chile,Chilean Peso,CLP,Chilean,CL,CHL,152,56,Right,Spanish,ğŸ‡¨ğŸ‡±,ISO 3166-2:CL
China,Beijing,People's Republic of China,ä¸­å›½,ä¸­åäººæ°‘å…±å’Œå›½,Renminbi,CNY,Chinese,CN,CHN,156,86,Right,Chinese,ğŸ‡¨ğŸ‡³,ISO 3166-2:CN
Colombia,BogotÃ¡,Republic of Colombia,,RepÃºblica de Colombia,Colombian Peso,COP,Colombian,CO,COL,170,57,Right,Spanish,ğŸ‡¨ğŸ‡´,ISO 3166-2:CO
Comoros,Moroni,Union of the Comoros,,Umoja wa Komori ,Comorian Franc,KMF,Comorian,KM,COM,174,269,Right,Comorian|French|Arabic,ğŸ‡°ğŸ‡²,ISO 3166-2:KM
Costa Rica,San JosÃ©,Republic of Costa Rica,,RepÃºblica de Costa Rica,Costa Rican ColÃ³n,CRC,Costa Rican,CR,CRI,188,506,Right,Spanish,ğŸ‡¨ğŸ‡·,ISO 3166-2:CR
Croatia,Zagreb,Republic of Croatia,Hrvatska,Republika Hrvatska,Croatian Kuna,HRK,Croatian,HR,HRV,191,385,Right,Croatian,ğŸ‡­ğŸ‡·,ISO 3166-2:HR
Cuba,Havana,Republic of Cuba,,RepÃºblica de Cuba,Cuban Peso,CUP,Cuban,CU,CUB,192,53,Right,Spanish,ğŸ‡¨ğŸ‡º,ISO 3166-2:CU
Cyprus,Nicosia,Republic of Cyprus,ÎšÏÏ€ÏÎ¿Ï‚,ÎšÏ…Ï€ÏÎ¹Î±ÎºÎ® Î”Î·Î¼Î¿ÎºÏÎ±Ï„Î¯Î±,Euro,EUR,Cypriot,CY,CYP,196,357,Left,Greek|Turkish,ğŸ‡¨ğŸ‡¾,ISO 3166-2:CY
Czechia,Prague,Czech Republic,ÄŒesko,ÄŒeskÃ¡ republika ,Czech Koruna,CZK,Czech,CZ,CZE,203,420,Right,Czech,ğŸ‡¨ğŸ‡¿,ISO 3166-2:CZ
Democratic Republic of the Congo,Kinshasa,,RÃ©publique dÃ©mocratique du Congo,,Congolese Franc,CDF,Congolese,CD,COD,180,243,Right,French|Kikongo|Lingala|Swahili|Tshiluba,ğŸ‡¨ğŸ‡©,ISO 3166-2:CD
Denmark,Copenhagen,Danmark,,,Danish Krone,DKK,Danish|Dane,DK,DNK,208,45,Right,Danish|German,ğŸ‡©ğŸ‡°,ISO 3166-2:DK
Djibouti,Djibouti,Republic of Djibouti,,RÃ©publique de Djibouti,Djiboutian Franc,DJF,Djiboutian,DJ,DJI,262,253,Right,French|Arabic|Somali|Afar,ğŸ‡©ğŸ‡¯,ISO 3166-2:DJ
Dominica,Roseau,Commonwealth of Dominica,Dominique,Commonwealth de la Dominique,East Caribbean Dollar,XCD,Dominican,DM,DMA,212,+1-767,Left,English|Dominican Creole|French,ğŸ‡©ğŸ‡²,ISO 3166-2:DM
Dominican Republic,Santo Domingo,,RepÃºblica Dominicana,,Dominican Peso,DOP,Dominican|Quisqueyan,DO,DOM,214,+1-809|+1-829|+1-849,Right,Spanish,ğŸ‡©ğŸ‡´,ISO 3166-2:DO
Ecuador,Quito,Republic of Ecuador,,RepÃºblica del Ecuador,United States Dollar,USD,Ecuadorian,EC,ECU,218,593,Right,Spanish|Quechua,ğŸ‡ªğŸ‡¨,ISO 3166-2:EC
Egypt,Cairo,Arab Republic of Egypt,Ù…ÙØµØ±,Ø¬Ù…Ù‡ÙˆØ±ÙŠØ© Ù…ØµØ± Ø§Ù„Ø¹Ø±Ø¨ÙŠØ©,Egyptian Pound,EGP,Egyptian,EG,EGY,818,20,Right,Arabic,ğŸ‡ªğŸ‡¬,ISO 3166-2:EG
El Salvador,San Salvador,Republic of El Salvador,,RepÃºblica de El Salvador,United States Dollar|Bitcoin,USD|BTC,Salvadoran|Salvadorian|Salvadorean,SV,SLV,222,503,Right,Spanish,ğŸ‡¸ğŸ‡»,ISO 3166-2:SV
Equatorial Guinea,Malabo,Republic of Equatorial Guinea,Guinea Ecuatorial,RepÃºblica de Guinea Ecuatorial,Central African CFA Franc,XAF,Equatoguinean,GQ,GNQ,226,240,Right,Spanish|French|Portuguese,ğŸ‡¬ğŸ‡¶,ISO 3166-2:GQ
Eritrea,Asmara,State of Eritrea,áŠ¤áˆ­á‰µáˆ«,áˆƒáŒˆáˆ¨ áŠ¤áˆ­á‰µáˆ«,Nakfa,ERN,Eritrean,ER,ERI,232,291,Right,Tigrinya|Beja|Tigre|Kunama|Saho|Bilen|Nara|Afar,ğŸ‡ªğŸ‡·,ISO 3166-2:ER
Estonia,Tallinn,Republic of Estonia,Eesti,Eesti Vabariik,Euro,EUR,Estonian,EE,EST,233,372,Right,Estonian,ğŸ‡ªğŸ‡ª,ISO 3166-2:EE
Eswatini,Mbabane|Lobamba,Kingdom of Eswatini,eSwatini,Umbuso weSwatini,Lilangeni|South African Rand,ZAR,Emaswati|Liswati,SZ,SWZ,748,268,Left,Swazi|English,ğŸ‡¸ğŸ‡¿,ISO 3166-2:SZ
Ethiopia,Addis Ababa,Federal Democratic Republic of Ethiopia,áŠ¢á‰µá‹®áŒµá‹«,á‹¨áŠ¢á‰µá‹®áŒµá‹« áŒá‹´áˆ«áˆ‹á‹Š á‹´áˆáŠ­áˆ«áˆ²á‹«á‹Š áˆªáá‰¥áˆŠáŠ­,Birr,ETB,Ethiopian,ET,ETH,231,251,Right,Amharic|Omoro|Somali|Afar|Tigrinya,ğŸ‡ªğŸ‡¹,ISO 3166-2:ET
Fiji,Suva,Republic of Fiji,Viti,Matanitu Tugalala o Viti,Fijian Dollar,FJD,Fijian,FJ,FJI,242,679,Left,Fijian|English|Hindi,ğŸ‡«ğŸ‡¯,ISO 3166-2:FJ
Finland,Helsinki,Republic of Finland,Suomi,Suomen tasavalta,Euro,EUR,Finnish|Finn,FI,FIN,246,358,Right,Finnish|Swedish,ğŸ‡«ğŸ‡®,ISO 3166-2:FI
France,Paris,French Republic,,RÃ©publique franÃ§aise,Euro,EUR,French,FR,FRA,250,33,Right,French,ğŸ‡«ğŸ‡·,ISO 3166-2:FR
Gabon,Libreville,Gabonese Republic,,RÃ©publique gabonaise,Central African CFA Franc,XAF,Gabonese|Gabonaise,GA,GAB,266,241,Right,French,ğŸ‡¬ğŸ‡¦,ISO 3166-2:GA
Gambia,Banjul,Republic of The Gambia,,,Dalasi,GMD,Gambian,GM,GMB,270,220,Right,English,ğŸ‡¬ğŸ‡²,ISO 3166-2:GM
Georgia,Tbilisi,Republic of Georgia,áƒ¡áƒáƒ¥áƒáƒ áƒ—áƒ•áƒ”áƒšáƒ,áƒ¡áƒáƒ¥áƒáƒ áƒ—áƒ•áƒ”áƒšáƒáƒ¡ áƒ“áƒ”áƒ›áƒáƒ™áƒ áƒáƒ¢áƒ˜áƒ£áƒšáƒ˜ áƒ áƒ”áƒ¡áƒáƒ£áƒ‘áƒšáƒ˜áƒ™áƒ,Georgian Lari,GEL,Georgian,GE,GEO,268,995,Right,Georgian|Abkhaz,ğŸ‡¬ğŸ‡ª,ISO 3166-2:GE
Germany,Berlin,Federal Republic of Germany,Deutschland,Bundesrepublik Deutschland,Euro,EUR,German,DE,DEU,276,49,Right,German,ğŸ‡©ğŸ‡ª,ISO 3166-2:DE
Ghana,Accra,Republic of Ghana,,,Cedi,GHS,Ghanaian,GH,GHA,288,233,Right,English,ğŸ‡¬ğŸ‡­,ISO 3166-2:GH
Greece,Athens,Hellenic Republic,Î•Î»Î»Î¬Î´Î±,Î•Î»Î»Î·Î½Î¹ÎºÎ® Î”Î·Î¼Î¿ÎºÏÎ±Ï„Î¯Î±,Euro,EUR,Greek,GR,GRC,300,30,Right,Greek,ğŸ‡¬ğŸ‡·,ISO 3166-2:GR
Grenada,St. Georgeâ€™s,,Gwenad,,East Caribbean Dollar,XCD,Grenadian,GD,GRD,308,+1-473,Left,English,ğŸ‡¬ğŸ‡©,ISO 3166-2:GD
Guatemala,Guatemala City,Republic of Guatemala,,RepÃºblica de Guatemala,Quetzal,GTQ,Guatemalan,GT,GTM,320,502,Right,Spanish,ğŸ‡¬ğŸ‡¹,ISO 3166-2:GT
Guinea,Conakry,Republic of Guinea,GuinÃ©e,RÃ©publique de GuinÃ©e,Guinean Franc,GNF,Guinean,GN,GIN,324,224,Right,French,ğŸ‡¬ğŸ‡³,ISO 3166-2:GN
Guinea-Bissau,Bissau,Republic of Guinea-Bissau,GuinÃ©-Bissau,RepÃºblica da GuinÃ©-Bissau,West African CFA Franc,XOF,Bissau-Guinean,GW,GNB,624,245,Right,Portuguese,ğŸ‡¬ğŸ‡¼,ISO 3166-2:GW
Guyana,Georgetown,Co-operative Republic of Guyana,,,Guyanese Dollar,GYD,Guyanese,GY,GUY,328,592,Left,English,ğŸ‡¬ğŸ‡¾,ISO 3166-2:GY
Haiti,Port-au-Prince,Republic of Haiti,HaÃ¯ti,RÃ©publique d'HaÃ¯ti,Gourde,HTG,Haitian,HT,HTI,332,509,Right,French|Creole,ğŸ‡­ğŸ‡¹,ISO 3166-2:HT
Honduras,Tegucigalpa,Republic of Honduras,,RepÃºblica de Honduras,Lempira,HNL,Honduran|Catracho,HN,HND,340,504,Right,Spanish,ğŸ‡­ğŸ‡³,ISO 3166-2:HN
Hungary,Budapest,Republic of Hungary,MagyarorszÃ¡g,Magyar Koztarsasag,Forint,HUF,Hungarian,HU,HUN,348,36,Right,Hungarian,ğŸ‡­ğŸ‡º,ISO 3166-2:HU
Iceland,ReykjavÃ­k,Republic of Iceland,Ãsland,LÃ½Ã°veldiÃ° Ãsland,Icelandic Krona,ISK,Icelander|Icelandic,IS,ISL,352,354,Right,Icelandic,ğŸ‡®ğŸ‡¸,ISO 3166-2:IS
India,New Delhi,Republic of India,à¤­à¤¾à¤°à¤¤,à¤­à¤¾à¤°à¤¤ à¤—à¤£à¤°à¤¾à¤œà¥à¤¯,Indian Rupee,INR,Indian,IN,IND,356,91,Left,Hindi|English,ğŸ‡®ğŸ‡³,ISO 3166-2:IN
Indonesia,Jakarta,Republic of Indonesia,,Republik Indonesia,Indonesian Rupiah,IDR,Indonesian,ID,IDN,360,62,Left,Indonesian,ğŸ‡®ğŸ‡©,ISO 3166-2:ID
Iran,Tehran,Islamic Republic of Iran,Ø§ÛŒØ±Ø§Ù†,Ø¬Ù…Ù‡ÙˆØ±ÛŒ Ø§Ø³Ù„Ø§Ù…ÛŒ Ø§ÛŒØ±Ø§Ù†,Iranian Rial,IRR,Iranian,IR,IRN,364,98,Right,Persian,ğŸ‡®ğŸ‡·,ISO 3166-2:IR
Iraq,Baghdad,Republic of Iraq,Ø§Ù„Ù’Ø¹ÙØ±ÙØ§Ù‚,Ø¬Ù…Ù‡ÙˆØ±ÙŠØ© Ø§Ù„Ø¹Ø±Ø§Ù‚,Iraqi Dinar,IQD,Iraqi,IQ,IRQ,368,964,Right,Arabic|Kurdish,ğŸ‡®ğŸ‡¶,ISO 3166-2:IQ
Ireland,Dublin,Republic of Ireland,Ã‰ire,Poblacht na hÃ‰ireann,Euro,EUR,Irish,IE,IRL,372,353,Left,Irish|English,ğŸ‡®ğŸ‡ª,ISO 3166-2:IE
Israel,Jerusalem,State of Israel,×™Ö´×©Ö°×‚×¨Ö¸×Öµ×œ,×Ö°×“Ö´×™× Ö·×ª ×™Ö´×©Ö°×‚×¨Ö¸×Öµ×œ,New Shekel,ILS,Israeli,IL,ISR,376,972,Right,Hebrew|Arabic,ğŸ‡®ğŸ‡±,ISO 3166-2:IL
Italy,Rome,Republic of Italy,Italia,Repubblica Italiana,Euro,EUR,Italian,IT,ITA,380,39,Right,Italian,ğŸ‡®ğŸ‡¹,ISO 3166-2:IT
Ivory Coast,Yamoussoukro|Abidjan,Republic of CÃ´te d'Ivoire,CÃ´te d'Ivoire,RÃ©publique de CÃ´te d'Ivoire,West African CFA Franc,XOF,Ivorian,CI,CIV,384,225,Right,French,ğŸ‡¨ğŸ‡®,ISO 3166-2:CI
Jamaica,Kingston,,Jumieka,,Jamaican Dollar,JMD,Jamaican,JM,JAM,388,+1-876,Left,English|Jamaican Patois,ğŸ‡¯ğŸ‡²,ISO 3166-2:JM
Japan,Tokyo,,æ—¥æœ¬,æ—¥æœ¬å›½,Japanese Yen,JPY,Japanese,JP,JPN,392,81,Left,Japanese,ğŸ‡¯ğŸ‡µ,ISO 3166-2:JP
Jordan,Amman,Hashemite Kingdom of Jordan,Ø§Ù„Ø£Ø±Ø¯Ù†,Ø§Ù„Ù…Ù…Ù„ÙƒØ© Ø§Ù„Ø£Ø±Ø¯Ù†ÙŠØ© Ø§Ù„Ù‡Ø§Ø´Ù…ÙŠØ©,Jordanian Dinar,JOD,Jordanian,JO,JOR,400,962,Right,Arabic,ğŸ‡¯ğŸ‡´,ISO 3166-2:JO
Kazakhstan,Nur-Sultan,Republic of Kazakhstan,ĞšĞ°Ğ·Ğ°Ò›ÑÑ‚Ğ°Ğ½,ÒšĞ°Ğ·Ğ°Ò›ÑÑ‚Ğ°Ğ½ Ğ ĞµÑĞ¿ÑƒĞ±Ğ»Ğ¸ĞºĞ°ÑÑ‹,Tenge,KZT,Kazakhstani,KZ,KAZ,398,+7-6|+7-7,Right,Kazakh|Russian,ğŸ‡°ğŸ‡¿,ISO 3166-2:KZ
Kenya,Nairobi,Republic of Kenya,,Jamhuri ya Kenya,Kenyan Shilling,KES,Kenyan,KE,KEN,404,254,Left,Swahili|English,ğŸ‡°ğŸ‡ª,ISO 3166-2:KE
Kiribati,South Tarawa,Republic of Kiribati,,Ribaberiki Kiribati,Australian Dollar,AUD,I-Kiribati,KI,KIR,296,686,Left,English|Gilbertese,ğŸ‡°ğŸ‡®,ISO 3166-2:KI
Kuwait,Kuwait City,State of Kuwait,Ø§Ù„ÙƒÙˆÙŠØª,Ø¯ÙˆÙ„Ø© Ø§Ù„ÙƒÙˆÙŠØª,Kuwaiti Dinar,KWD,Kuwaiti,KW,KWT,414,965,Right,Arabic,ğŸ‡°ğŸ‡¼,ISO 3166-2:KW
Kyrgyzstan,Bishkek,Kyrgyz Republic,ĞšÑ‹Ñ€Ğ³Ñ‹Ğ·ÑÑ‚Ğ°Ğ½,ĞšÑ‹Ñ€Ğ³Ñ‹Ğ· Ğ ĞµÑĞ¿ÑƒĞ±Ğ»Ğ¸ĞºĞ°ÑÑ‹,Kyrgyzstani Som,KGS,Kyrgyz,KG,KGZ,417,996,Right,Kyrgyz|Russian,ğŸ‡°ğŸ‡¬,ISO 3166-2:KG
Laos,Vientiane,Lao People's Democratic Republic,àº›àº°à»€àº—àº”àº¥àº²àº§,àºªàº²àº—àº²àº¥àº°àº™àº°àº¥àº±àº” àº›àº°àºŠàº²àº—àº´àº›àº°à»„àº• àº›àº°àºŠàº²àºŠàº»àº™àº¥àº²àº§,Kip,LAK,Lao|Laotian,LA,LAO,418,856,Right,Lao,ğŸ‡±ğŸ‡¦,ISO 3166-2:LA
Latvia,Riga,Republic of Latvia,Latvija,Latvijas Republika,Euro,EUR,Latvian,LV,LVA,428,371,Right,Latvian,ğŸ‡±ğŸ‡»,ISO 3166-2:LV
Lebanon,Beirut,Republic of Lebanon,Ù„ÙØ¨Ù’Ù†ÙØ§Ù†,Ù±Ù„Ù’Ø¬ÙÙ…Ù’Ù‡ÙÙˆØ±ÙÙŠÙÙ‘Ø©Ù Ù±Ù„Ù„ÙÙ‘Ø¨Ù’Ù†ÙØ§Ù†ÙÙŠÙÙ‘Ø©Ù,Lebanese Pound,LBP,Lebanese,LB,LBN,422,961,Right,Arabic|French,ğŸ‡±ğŸ‡§,ISO 3166-2:LB
Lesotho,Maseru,Kingdom of Lesotho,,Naha ea Lesotho,Loti|South African Rand,LSL|ZAR,Mosotho|Basotho,LS,LSO,426,266,Left,Sesotho|English,ğŸ‡±ğŸ‡¸,ISO 3166-2:LS
Liberia,Monrovia,Republic of Liberia,,,Liberian Dollar,LRD,Liberian,LR,LBR,430,231,Right,English,ğŸ‡±ğŸ‡·,ISO 3166-2:LR
Libya,Tripoli,State of Libya,Ù„ÙŠØ¨ÙŠØ§,Ø¯ÙˆÙ„Ø© Ù„ÙŠØ¨ÙŠØ§,Libyan Dinar,LYD,Libyan,LY,LBY,434,218,Right,Arabic,ğŸ‡±ğŸ‡¾,ISO 3166-2:LY
Liechtenstein,Vaduz,Principality of Liechtenstein,,FÃ¼rstentum Liechtenstein,Swiss Franc,CHF,Liechtensteiner,LI,LIE,438,423,Right,German,ğŸ‡±ğŸ‡®,ISO 3166-2:LI
Lithuania,Vilnius,Republic of Lithuania,Lietuva,Lietuvos Respublika,Euro,EUR,Lithuanian,LT,LTU,440,370,Right,Lithuanian,ğŸ‡±ğŸ‡¹,ISO 3166-2:LT
Luxembourg,Luxembourg City,Grand Duchy of Luxembourg,LÃ«tzebuerg,Groussherzogtum LÃ«tzebuergâ€‹,Euro,EUR,Luxembourger,LU,LUX,442,352,Right,Luxembourgish|French|German,ğŸ‡±ğŸ‡º,ISO 3166-2:LU
Madagascar,Antanarivo,Republic of Madagascar,Madagasikara,Repoblikan'i Madagasikara,Ariary,MGA,Malagasy,MG,MDG,450,261,Right,Malagasy|French,ğŸ‡²ğŸ‡¬,ISO 3166-2:MG
Malawi,Lilongwe,Republic of Malawi,MalaÅµi,Dziko la MalaÅµi,Malawian Kwacha,MWK,Malawian,MW,MWI,454,265,Left,English|Chewa,ğŸ‡²ğŸ‡¼,ISO 3166-2:MW
Malaysia,Kuala Lumpur|Putrajaya,,,,Ringgit,MYR,Malaysian,MY,MYS,458,60,Left,Malay|English,ğŸ‡²ğŸ‡¾,ISO 3166-2:MY
Maldives,MalÃ©,Republic of Maldives,Ş‹Ş¨ŞˆŞ¬Ş€Ş¨ŞƒŞ§Ş‡Ş°Ş–Ş¬,Ş‹Ş¨ŞˆŞ¬Ş€Ş¨ŞƒŞ§Ş‡Ş°Ş–Ş­ŞŞ¬ Ş–ŞªŞ‰Ş°Ş€Ş«ŞƒŞ¨Ş‡Ş°Ş”Ş§,Maldivian Rufiyaa|United States Dollar,MVR|USD,Maldivian,MV,MDV,462,960,Left,Dhivehi|English|Arabic,ğŸ‡²ğŸ‡»,ISO 3166-2:MV
Mali,Bamako,Republic of Mali,,RÃ©publique du Mali,West African CFA Franc,XOF,Malian,ML,MLI,466,223,Right,French,ğŸ‡²ğŸ‡±,ISO 3166-2:ML
Malta,Valletta,Republic of Malta,,Repubblika taâ€™ Malta,Euro,EUR,Maltese,MT,MLT,470,356,Left,Maltese|English,ğŸ‡²ğŸ‡¹,ISO 3166-2:MT
Marshall Islands,Majuro,Republic of the Marshall Islands,á¹‚ajeá¸·,AolepÄn AorÅkin á¹‚ajeá¸·,United States Dollar,USD,Marshallese,MH,MHL,584,692,Right,Marshallese|English,ğŸ‡²ğŸ‡­,ISO 3166-2:MH
Mauritius,Port Louis,Republic of Mauritius,Maurice,RÃ©publique de Maurice,Mauritian Rupee,MUR,Mauritian,MU,MUS,480,230,Left,French|English,ğŸ‡²ğŸ‡º,ISO 3166-2:MU
Mexico,Mexico City,United Mexican States,MÃ©xico,Estados Unidos Mexicanos ,Mexican Peso,MXN,Mexican,MX,MEX,484,52,Right,Spanish,ğŸ‡²ğŸ‡½,ISO 3166-2:MX
Micronesia,Palikir,Federated States of Micronesia,,,United States Dollar,USD,Micronesian,FM,FSM,583,691,Right,English,ğŸ‡«ğŸ‡²,ISO 3166-2:FM
Moldova,ChiÈ™inÄƒu,Republic of Moldova,,Republica Moldova,Moldovan Leu,MDL,Moldovan,MD,MDA,498,373,Right,Romanian,ğŸ‡²ğŸ‡©,ISO 3166-2:MD
Monaco,Monaco,Principality of Monaco,,PrincipautÃ© de Monaco,Euro,EUR,MonÃ©gasque|Monacan,MC,MCO,492,377,Right,French,ğŸ‡²ğŸ‡¨,ISO 3166-2:MC
Mongolia,Ulaanbaatar,,ĞœĞ¾Ğ½Ğ³Ğ¾Ğ» Ğ£Ğ»Ñ,,TÃ¶grÃ¶g,MNT,Mongolian,MN,MNG,496,976,Right,Mongolian,ğŸ‡²ğŸ‡³,ISO 3166-2:MN
Montenegro,Podgorica,,Ğ¦Ñ€Ğ½Ğ° Ğ“Ğ¾Ñ€Ğ°,,Euro,EUR,Montenegrin,ME,MNE,499,382,Right,Montenegrin|Serbian|Albanian|Bosnian|Croatian,ğŸ‡²ğŸ‡ª,ISO 3166-2:ME
Morocco,Rabat,Kingdom of Morocco,Ø§Ù„Ù…ØºØ±ÙŠØ¨,Ø§Ù„Ù…Ù…Ù„ÙƒØ© Ø§Ù„Ù…ØºØ±Ø¨ÙŠØ©,Moroccan Dirham,MAD,Moroccan,MA,MAR,504,212,Right,Arabic|Berber,ğŸ‡²ğŸ‡¦,ISO 3166-2:MA
Mozambique,Maputo,Republic of Mozambique,MoÃ§ambique,RepÃºblica de MoÃ§ambique,Metical,MZN,Mozambican,MZ,MOZ,508,258,Left,Portuguese|Tsonga|Mwani|Chewa|Swahili,ğŸ‡²ğŸ‡¿,ISO 3166-2:MZ
Myanmar,Naypyidaw,Republic of the Union of Myanmar,á€™á€¼á€”á€ºá€™á€¬á€”á€­á€¯á€„á€ºá€„á€¶,á€•á€¼á€Šá€ºá€‘á€±á€¬á€„á€ºá€…á€¯ á€á€™á€¹á€™á€ á€™á€¼á€”á€ºá€™á€¬á€”á€­á€¯á€„á€ºá€„á€¶á€á€±á€¬á€ºâ€Œ,Kyat,MMK,Burmese,MM,MMR,104,95,Right,Burmese,ğŸ‡²ğŸ‡²,ISO 3166-2:MM
Namibia,Windhoek,Republic of Namibia,,,Namibian Dollar|South African Rand,NAD|ZAR,Namibian,NA,NAM,516,264,Left,English|Afrikaans|German|Otjiherero|Khoekhoegowab,ğŸ‡³ğŸ‡¦,ISO 3166-2:NA
Nauru,Yaren,Republic of Nauru,Naoero,Repubrikin Naoero,Australian Dollar,AUD,Nauruan,NR,NRU,520,674,Left,Nauruan|English,ğŸ‡³ğŸ‡·,ISO 3166-2:NR
Nepal,Kathmandu,Federal Democratic Republic of Nepal,à¤¨à¥‡à¤ªà¤¾à¤²,à¤¸à¤™à¥à¤˜à¥€à¤¯ à¤²à¥‹à¤•à¤¤à¤¾à¤¨à¥à¤¤à¥à¤°à¤¿à¤• à¤—à¤£à¤¤à¤¨à¥à¤¤à¥à¤° à¤¨à¥‡à¤ªà¤¾à¤²,Nepalese Rupee,NPR,Nepali|Nepalese,NP,NPL,524,977,Left,Nepali,ğŸ‡³ğŸ‡µ,ISO 3166-2:NP
Netherlands,Amsterdam,Kingdom of the Netherlands,Nederland,Koninkrijk der Nederlanden,Euro|United States Dollar,EUR|USD,Dutch,NL,NLD,528,+31|+599,Right,Dutch,ğŸ‡³ğŸ‡±,ISO 3166-2:NL
New Zealand,Auckland,,Aotearoa,,New Zealand Dollar,NZD,Kiwi|New Zealander,NZ,NZL,554,64,Left,English|MÄori|NZ Sign Language,ğŸ‡³ğŸ‡¿,ISO 3166-2:NZ
Nicaragua,Managua,Republic of Nicaragua,,RepÃºblica de Nicaragua,CÃ³rdoba,NIO,Nicaraguan|Pinolero,NI,NIC,558,505,Right,Spanish,ğŸ‡³ğŸ‡®,ISO 3166-2:NI
Niger,Niamey,Republic of the Niger,,RÃ©publique du Niger,West African CFA Franc,XOF,Nigerien,NE,NER,562,227,Right,French,ğŸ‡³ğŸ‡ª,ISO 3166-2:NE
Nigeria,Abuja,Federal Republic of Nigeria,,,Naira,NGN,Nigerian,NG,NGA,566,234,Right,English|Hausa|Igbo|Yoruba,ğŸ‡³ğŸ‡¬,ISO 3166-2:NG
North Korea,Pyongyang,Democratic Peopleâ€™s Republic of Korea,ì¡°ì„ ,ì¡°ì„ ë¯¼ì£¼ì£¼ì˜ì¸ë¯¼ê³µí™”êµ­,Korean Peopleâ€™s Won,KPW,North Korean|Korean,KP,PRK,408,850,Right,Korean,ğŸ‡°ğŸ‡µ,ISO 3166-2:KP
North Macedonia,Skopje,Republic of North Macedonia,ĞœĞ°ĞºĞµĞ´Ğ¾Ğ½Ğ¸Ñ˜Ğ°,Ğ ĞµĞ¿ÑƒĞ±Ğ»Ğ¸ĞºĞ° Ğ¡ĞµĞ²ĞµÑ€Ğ½Ğ° ĞœĞ°ĞºĞµĞ´Ğ¾Ğ½Ğ¸Ñ˜Ğ°,Macedonian Denar,MKD,Macedonian,MK,MKD,807,389,Right,Macedonian|Albanian,ğŸ‡²ğŸ‡°,ISO 3166-2:MK
Norway,Oslo,Kingdom of Norway,Norge,Kongeriket Norge,Norwegian Krone,NOK,Norwegian,NO,NOR,578,47,Right,Norwegian|SÃ¡mi,ğŸ‡³ğŸ‡´,ISO 3166-2:NO
Oman,Muscat,Sultanate of Oman,Ø¹ÙÙ…ÙØ§Ù†,Ø³Ù„Ù’Ø·Ù†Ø©Ù Ø¹ÙÙ…Ø§Ù†,Omani Rial,OMR,Omani,OM,OMN,512,968,Right,Arabic,ğŸ‡´ğŸ‡²,ISO 3166-2:OM
Pakistan,Islamabad,Islamic Republic of Pakistan,Ù¾Ø§Ú©Ø³ØªØ§Ù†,Ø§ÙØ³Ù„Ø§Ù…ÛŒ Ø¬Ù…ÛÙˆØ±ÛŒÛ Ù¾Ø§ÙƒÙØ³ØªØ§Ù†,Pakistani Rupee,PKR,Pakistani,PK,PAK,586,92,Left,Urdu|English,ğŸ‡µğŸ‡°,ISO 3166-2:PK
Palau,Ngerulmud,Republic of Palau,Belau,Beluu er a Belau,United States Dollar,USD,Palauan,PW,PLW,585,680,Right,Palauan|English,ğŸ‡µğŸ‡¼,ISO 3166-2:PW
Palestine,Jerusalem,State of Palestine,ÙÙ„Ø³Ø·ÙŠÙ†,Ø¯ÙˆÙ„Ø© ÙÙ„Ø³Ø·ÙŠÙ†,Egyptian Pound|Israeli New Shekel|Jordanian Dinar,EGP|ILS|JOD,Palestinian,PS,PSE,275,970,Right,Arabic,ğŸ‡µğŸ‡¸,ISO 3166-2:PS
Panama,Panama City,Republic of Panama,PanamÃ¡,RepÃºblica de PanamÃ¡,Balboa|United States Dollar,PAB|USD,Panamanian,PA,PAN,591,570,Right,Spanish,ğŸ‡µğŸ‡¦,ISO 3166-2:PA
Papua New Guinea,Port Moresby,Independent State of Papua New Guinea,Papua Niugini,Independen Stet bilong Papua Niugini,Kina,PGK,Papua New Guinean,PG,PNG,598,675,Left,English|Tok Pisin|Hiri Motu|PNG Sign Language,ğŸ‡µğŸ‡¬,ISO 3166-2:PG
Paraguay,AscunciÃ³n,Republic of Paraguay,,RepÃºblica del Paraguay,Guarani,PYG,Paraguayan,PY,PRY,600,595,Right,Spanish|Guarani,ğŸ‡µğŸ‡¾,ISO 3166-2:PY
Peru,Lima,Republic of Peru,PerÃº,RepÃºblica de PerÃº,Sol,PEN,Peruvian,PE,PER,604,51,Right,Spanish|Quechua|Aymara,ğŸ‡µğŸ‡ª,ISO 3166-2:PE
Philippines,Manilla,Republic of the Philippines,Pilipinas,Republika ng Pilipinas,Philippine Peso,PHP,Filipino|Pinoy,PH,PHL,608,63,Right,Filipino|English,ğŸ‡µğŸ‡­,ISO 3166-2:PH
Poland,Warsaw,Republic of Poland,Polska,Rzeczpospolita Polska,ZÅ‚oty,PLN,Polish|Pole,PL,POL,616,48,Right,Polish,ğŸ‡µğŸ‡±,ISO 3166-2:PL
Portugal,Lisbon,Portuguese Republic,,RepÃºblica Portuguesa,Euro,EUR,Portuguese,PT,PRT,620,351,Right,Portuguese,ğŸ‡µğŸ‡¹,ISO 3166-2:PT
Qatar,Doha,State of Qatar,Ù‚Ø·Ø±,Ø¯ÙˆÙ„Ø© Ù‚Ø·Ø±,Qatari Riyal,QAR,Qatari,QA,QAT,634,974,Right,Arabic|English,ğŸ‡¶ğŸ‡¦,ISO 3166-2:QA
Republic of the Congo,Brazzaville,,RÃ©publique du Congo,,Central African CFA Franc,XAF,Congolese,CG,COG,178,242,Right,French|Kituba|Lingala,ğŸ‡¨ğŸ‡¬,ISO 3166-2:CG
Romania,Bucharest,,RomÃ¢nia,,Romanian Leu,RON,Romanian,RO,ROU,642,40,Right,Romanian,ğŸ‡·ğŸ‡´,ISO 3166-2:RO
Russia,Moscow,Russian Federation,Ğ Ğ¾ÑÑĞ¸Ñ,Ğ Ğ¾ÑÑĞ¸Ğ¹ÑĞºĞ°Ñ Ğ¤ĞµĞ´ĞµÑ€Ğ°Ñ†Ğ¸Ñ,Russian Ruble,RUB,Russian,RU,RUS,643,7,Right,Russian,ğŸ‡·ğŸ‡º,ISO 3166-2:RU
Rwanda,Kigali,Republic of Rwanda,,Repubulika y'u Rwanda,Rwandan Franc,RWF,Rwandan,RW,RWA,646,250,Right,Kinyarwanda|French|English|Swahili,ğŸ‡·ğŸ‡¼,ISO 3166-2:RW
Saint Kitts and Nevis,Basseterre,Federation of Saint Christopher and Nevis,,,East Caribbean Dollar,XCD,Kittitian|Nevisian,KN,KNA,659,+1-869,Left,English|Creole,ğŸ‡°ğŸ‡³,ISO 3166-2:KN
Saint Lucia,Castries,,,,East Caribbean Dollar,XCD,Saint Lucian,LC,LCA,662,+1-758,Left,English|Creole,ğŸ‡±ğŸ‡¨,ISO 3166-2:LC
Saint Vincent and the Grenadines,Kingstown,,,,East Caribbean Dollar,XCD,Vincentian|Saint Vencentian,VC,VCT,670,+1-784,Left,English|Creole,ğŸ‡»ğŸ‡¨,ISO 3166-2:VC
Samoa,Apia,Independent State of Samoa,SÄmoa,Malo SaÊ»oloto TutoÊ»atasi o SÄmoa,TÄlÄ,WST,Samoan,WS,WSM,882,685,Left,Samoan|English,ğŸ‡¼ğŸ‡¸,ISO 3166-2:WS
San Marino,San Marino,Republic of San Marino,,Repubblica di San Marino,Euro,EUR,Sammarinese,SM,SMR,674,378,Right,Italian|Romagnol,ğŸ‡¸ğŸ‡²,ISO 3166-2:SM
SÃ£o TomÃ© and PrÃ­ncipe,SÃ£o TomÃ©,Democratic Republic of SÃ£o TomÃ© and PrÃ­ncipe,SÃ£o TomÃ© e PrÃ­ncipe,RepÃºblica DemocrÃ¡tica de SÃ£o TomÃ© e PrÃ­ncipe,Dobra,STN,SÃ£o TomÃ©an|Santomean,ST,STP,678,239,Right,Portuguese,ğŸ‡¸ğŸ‡¹,ISO 3166-2:ST
Saudi Arabia,Riyadh,Kingdom of Saudi Arabia,Ø§Ù„Ø³Ø¹ÙˆØ¯ÙŠØ©,Ø§Ù„Ù…Ù…Ù„ÙƒØ© Ø§Ù„Ø¹Ø±Ø¨ÙŠØ© Ø§Ù„Ø³Ø¹ÙˆØ¯ÙŠØ©,Saudi Riyal,SAR,Saudi|Saudi Arabian,SA,SAU,682,966,Right,Arabic,ğŸ‡¸ğŸ‡¦,ISO 3166-2:SA
Senegal,Dakar,Republic of Senegal,SÃ©nÃ©gal,RÃ©publique du SÃ©nÃ©gal,West African CFA Franc,XOF,Senegalese,SN,SEN,686,221,Right,French,ğŸ‡¸ğŸ‡³,ISO 3166-2:SN
Serbia,Belgrade,Republic of Serbia,Ğ¡Ñ€Ğ±Ğ¸Ñ˜Ğ°,Ğ ĞµĞ¿ÑƒĞ±Ğ»Ğ¸ĞºĞ° Ğ¡Ñ€Ğ±Ğ¸Ñ˜Ğ°,Serbian Dinar,RSD,Serbian,RS,SRB,688,381,Right,Serbian,ğŸ‡·ğŸ‡¸,ISO 3166-2:RS
Seychelles,Victoria,Republic of Seychelles,,RÃ©publique des Seychelles,Seychellois Rupee,SCR,Seychellois|Seselwa,SC,SYC,690,248,Left,English|French|Seychellois,ğŸ‡¸ğŸ‡¨,ISO 3166-2:SC
Sierra Leone,Freetown,Republic of Sierra Leone,,,Leone,SLL,Sierra Leonean,SL,SLE,694,232,Right,English|Krio,ğŸ‡¸ğŸ‡±,ISO 3166-2:SL
Singapore,Singapore,Republic of Singapore,æ–°åŠ å¡,æ–°åŠ å¡å…±å’Œå›½,Singapore Dollar,SGD,Singaporean,SG,SGP,702,65,Left,English|Mandarin|Malay|Tamil,ğŸ‡¸ğŸ‡¬,ISO 3166-2:SG
Slovakia,Bratoslava,Slovak Republic,Slovensko,SlovenskÃ¡ republika,Euro,EUR,Slovak,SK,SVK,703,421,Right,Slovak,ğŸ‡¸ğŸ‡°,ISO 3166-2:SK
Slovenia,Ljubljana,Republic of Slovenia,Slovenija,Republika Slovenija,Euro,EUR,Slovene|Slovenian,SI,SVN,705,386,Right,Slovene,ğŸ‡¸ğŸ‡®,ISO 3166-2:SI
Solomon Islands,Honiara,,,,Solomon Islands Dollar,SBD,Solomon Islander,SB,SLB,90,677,Left,English,ğŸ‡¸ğŸ‡§,ISO 3166-2:SB
Somalia,Mogadishu,Federal Republic of Somalia,Soomaaliya,Jamhuuriyadda Federaalka Soomaaliya,Somali Shilling,SOS,Somali|Somalian,SO,SOM,706,252,Right,Somali|Arabic|English|Italian,ğŸ‡¸ğŸ‡´,ISO 3166-2:SO
South Africa,Pretoria|Cape Town|Bloemfontein,Republic of South Africa,iNingizimu Afrika,iRiphabhuliki yaseNingizimu Afrika,South African Rand,ZAR,South African,ZA,ZAF,710,27,Left,English|Zulu|Swazi|Afrikaans|Sepedi|Sesotho|Setswana|Xitsonga|Xhosa|Tshivenda|isiNdebele,ğŸ‡¿ğŸ‡¦,ISO 3166-2:ZA
South Korea,Seoul,Republic of Korea,í•œêµ­,ëŒ€í•œë¯¼êµ­,Korean Republic Won,KRW,South Korean|Korean,KR,KOR,410,82,Right,Korean|Korean Sign Language,ğŸ‡°ğŸ‡·,ISO 3166-2:KR
South Sudan,Juba,Republic of South Sudan,,,South Sudanese Pound,SSP,South Sudanese,SS,SSD,737,211,Right,English,ğŸ‡¸ğŸ‡¸,ISO 3166-2:SS
Spain,Madrid,Kingdom of Spain,EspaÃ±a,Reino de EspaÃ±a,Euro,EUR,Spanish|Spaniard,ES,ESP,724,34,Right,Spanish,ğŸ‡ªğŸ‡¸,ISO 3166-2:ES
Sri Lanka,Sri Jayawardenepura Kotte|Colombo,Democratic Socialist Republic of Sri Lanka,à·à·Šâ€à¶»à·“ à¶½à¶‚à¶šà·à·€,à·à·Šâ€à¶»à·“ à¶½à¶‚à¶šà· à¶´à·Šâ€à¶»à¶¢à·à¶­à·à¶±à·Šà¶­à·Šâ€à¶»à·’à¶š à·ƒà¶¸à·à¶¢à·€à·à¶¯à·“ à¶¢à¶±à¶»à¶¢à¶º,Sri Lankan Rupee,LKR,Sri Lankan,LK,LKA,144,94,Left,Sinhala|Tamil,ğŸ‡±ğŸ‡°,ISO 3166-2:LK
Sudan,Khartoum,Republic of the Sudan,Ø§Ù„Ø³ÙˆØ¯Ø§Ù†,Ø¬Ù…Ù‡ÙˆØ±ÙŠØ© Ø§Ù„Ø³ÙˆØ¯Ø§Ù†,Sudanese Pound,SDG,Sudanese,SD,SDN,736,249,Right,Arabic|English,ğŸ‡¸ğŸ‡©,ISO 3166-2:SD
Suriname,Paramaribo,Republic of Suriname,,Republiek Suriname,Surinamese Dollar,SRD,Surinamese,SR,SUR,740,597,Left,Dutch|Sranan Tongo,ğŸ‡¸ğŸ‡·,ISO 3166-2:SR
Sweden,Stockholm,Kingdom of Sweden,Sverige,Konungariket Sverige,Swedish Krona,SEK,Swedish|Swede,SE,SWE,752,46,Right,Swedish,ğŸ‡¸ğŸ‡ª,ISO 3166-2:SE
Switzerland,Bern,Swiss Confederation,Schweiz,Schweizerische Eidgenossenschaft,Swiss Franc,CHF,Swiss,CH,CHE,756,41,Right,German|French|Italian|Romansh,ğŸ‡¨ğŸ‡­,ISO 3166-2:CH
Syria,Damascus,Syrian Arab Republic,Ø³ÙÙˆØ±ÙÙŠÙØ§,Ù±Ù„Ù’Ø¬ÙÙ…Ù’Ù‡ÙÙˆØ±ÙÙŠÙÙ‘Ø©Ù Ù±Ù„Ù’Ø¹ÙØ±ÙØ¨ÙÙŠÙÙ‘Ø©Ù Ù±Ù„Ø³ÙÙ‘ÙˆØ±ÙÙŠÙÙ‘Ø©Ù,Syrian Pound,SYP,Syrian,SY,SYR,760,963,Right,Arabic,ğŸ‡¸ğŸ‡¾,ISO 3166-2:SY
Taiwan,Taipei,Republic of China,è‡ºç£,ä¸­è¯æ°‘åœ‹,New Taiwan Dollar,TWD,Taiwanese,TW,TWN,158,886,Right,Chinese,ğŸ‡¹ğŸ‡¼,ISO 3166-2:TW
Tajikistan,Dushanbe,Republic of Tajikistan,Ğ¢Ğ¾Ò·Ğ¸ĞºĞ¸ÑÑ‚Ğ¾Ğ½,Ò¶ÑƒĞ¼Ò³ÑƒÑ€Ğ¸Ğ¸ Ğ¢Ğ¾Ò·Ğ¸ĞºĞ¸ÑÑ‚Ğ¾Ğ½,Somoni,TJS,Tajikistani|Tajik,TJ,TJK,762,992,Right,Tajik|Russian,ğŸ‡¹ğŸ‡¯,ISO 3166-2:TJ
Tanzania,Dodoma,United Republic of Tanzania,,Jamhuri ya Muungano wa Tanzania,Tanzanian Shilling,TZS,Tanzanian,TZ,TZA,834,255,Left,Swahili|English,ğŸ‡¹ğŸ‡¿,ISO 3166-2:TZ
Thailand,Bangkok,Kingdom of Thailand,à¸›à¸£à¸°à¹€à¸—à¸¨à¹„à¸—à¸¢,à¸£à¸²à¸Šà¸­à¸²à¸“à¸²à¸ˆà¸±à¸à¸£à¹„à¸—à¸¢,Baht,THB,Thai,TH,THA,764,66,Left,Thai,ğŸ‡¹ğŸ‡­,ISO 3166-2:TH
Timor-Leste,Dili,Democratic Republic of Timor-Leste,,RepÃºblica DemocrÃ¡tica de Timor-Leste,United States Dollar,USD,East Timorese|Timorese}Maubere,TL,TLS,626,670,Left,Portuguese|Tetum,ğŸ‡¹ğŸ‡±,ISO 3166-2:TL
Togo,LomÃ©,Togolese Republic,,RÃ©publique togolaise,West African CFA Franc,XOF,Togolese,TG,TGO,768,228,Right,French|Ewe|Kabiye,ğŸ‡¹ğŸ‡¬,ISO 3166-2:TG
Tonga,Nukuâ€™alofa,Kingdom of Tonga,,PuleÊ»anga FakatuÊ»i Ê»o Tonga,Paâ€™anga,TOP,Tongan,TO,TON,776,676,Left,English|Tongan,ğŸ‡¹ğŸ‡´,ISO 3166-2:TO
Trinidad and Tobago,Port of Spain,Republic of Trinidad and Tobago,,,Trinidad and Tobago Dollar,TTD,Trinidadian and Tobagonian|Trinbagonian|Trini,TT,TTO,780,+1-868,Left,English,ğŸ‡¹ğŸ‡¹,ISO 3166-2:TT
Tunisia,Tunis,Republic of Tunisia,ØªÙˆÙ†Ø³,Ø§Ù„Ø¬Ù…Ù‡ÙˆØ±ÙŠØ© Ø§Ù„ØªÙˆÙ†Ø³ÙŠØ©,Tunisian Dinar,TND,Tunisian,TN,TUN,788,216,Right,Arabic|Berber|French,ğŸ‡¹ğŸ‡³,ISO 3166-2:TN
TÃ¼rkiye,Ankara,Republic of TÃ¼rkiye,,TÃ¼rkiye Cumhuriyeti,Turkish Lira,TRY,Turkish|Turk,TR,TUR,792,90,Right,Turkish,ğŸ‡¹ğŸ‡·,ISO 3166-2:TR
Turkmenistan,Ashgabat,,TÃ¼rkmenistan,,Turkmenistan Manat,TMT,Turkmenistani|Turkmen|Turkmenian,TM,TKM,795,993,Right,Turkmen|Russian,ğŸ‡¹ğŸ‡²,ISO 3166-2:TM
Tuvalu,Funafuti,,,,Tuvaluan Dollar|Australian Dollar,TVD|AUD,Tuvaluan,TV,TUV,798,688,Left,Tuvaluan|English,ğŸ‡¹ğŸ‡»,ISO 3166-2:TV
Uganda,Kampala,Republic of Uganda,,Jamhuri ya Uganda,Ugandan Shilling,UGX,Ugandan,UG,UGA,800,256,Left,English|Swahili,ğŸ‡ºğŸ‡¬,ISO 3166-2:UG
Ukraine,Kyiv,,Ğ£ĞºÑ€Ğ°Ñ—Ğ½Ğ°,,Hryvnia,UAH,Ukrainian,UA,UKR,804,380,Right,Ukrainian,ğŸ‡ºğŸ‡¦,ISO 3166-2:UA
United Arab Emirates,Abu Dhabi,,Ø§Ù„Ø¥Ù…Ø§Ø±Ø§Øª Ø§Ù„Ø¹Ø±Ø¨ÙŠØ© Ø§Ù„Ù…ØªØ­Ø¯Ø©,,UAE Dirham,AED,Emirati,AE,ARE,784,971,Right,Arabic|English,ğŸ‡¦ğŸ‡ª,ISO 3166-2:AE
United Kingdom,London,United Kingdom of Great Britain and Northern Ireland,,,Pound Sterling,GBP,British|Briton,GB,GBR,826,44,Left,English,ğŸ‡¬ğŸ‡§,ISO 3166-2:GB
United States,Washington,United States of America,,,United States Dollar,USD,American,US,USA,840,1,Right,English,ğŸ‡ºğŸ‡¸,ISO 3166-2:US
Uruguay,Montevideo,Oriental Republic of the Uruguay,,RepÃºblica Oriental del Uruguay,Uruguayan Peso,UYU,Uruguayan,UY,URY,858,598,Right,Spanish,ğŸ‡ºğŸ‡¾,ISO 3166-2:UY
Uzbekistan,Tashkent,Republic of Uzbekistan,Oâ€™zbekiston,Oâ€™zbekiston Respublikasi,Uzbek Som,UZS,Uzbekistani|Uzbek,UZ,UZB,860,998,Right,Uzbek,ğŸ‡ºğŸ‡¿,ISO 3166-2:UZ
Vanuatu,Port Vila,Republic of Vanuatu,,Ripablik blong Vanuatu,Vatu,VUV,Ni-Vanuatu|Vanuatuan,VU,VUT,548,678,Right,Bislama|English|French,ğŸ‡»ğŸ‡º,ISO 3166-2:VU
Vatican City,Vatican City,Vatican City State,Civitas Vaticana,Status Civitatis Vaticanae,Euro,EUR,Papal|Pontifical,VA,VAT,336,379,Right,Latin|Italian,ğŸ‡»ğŸ‡¦,ISO 3166-2:VA
Venezuela,Caracas,Bolivarian Republic of Venezuela,,RepÃºblica Bolivariana de Venezuela,BolÃ­var Digital,VED,Venezuelan,VE,VEN,862,58,Right,Spanish,ğŸ‡»ğŸ‡ª,ISO 3166-2:VE
Vietnam,Hanoi,Socialist Republic of Vietnam,Viá»‡t Nam,Cá»™ng hÃ²a XÃ£ há»™i chá»§ nghÄ©a Viá»‡t Nam,Vietnamese Ä‘á»“ng,VND,Vietnamese,VN,VNM,704,84,Right,Vietnamese,ğŸ‡»ğŸ‡³,ISO 3166-2:VN
Yemen,Sanaa,Republic of Yemen,Ù±Ù„Ù’ÙŠÙÙ…ÙÙ†,Ù±Ù„Ù’Ø¬ÙÙ…Ù’Ù‡ÙÙˆØ±ÙÙŠÙÙ‘Ø©Ù Ù±Ù„Ù’ÙŠÙÙ…ÙÙ†ÙÙŠÙÙ‘Ø©Ù,Yemeni Rial,YER,Yemeni|Yemenite,YE,YEM,887,967,Right,Arabic,ğŸ‡¾ğŸ‡ª,ISO 3166-2:YE
Zambia,Lusaka,Republic of Zambia,,,Zambian Kwacha,ZMW,Zambian,ZM,ZMB,894,260,Left,English,ğŸ‡¿ğŸ‡²,ISO 3166-2:ZM
Zimbabwe,Harare,Republic of Zimbabwe,,Nyika yeZimbabwe,Zimbabwean Dollar|United States Dolar,ZWL|USD,Zimbabwean|Zimbo,ZW,ZWE,716,263,Left,Shona|Ndebele|Chewa|Chibarwe|Kalanga|Khoisan|Nambya|Ndau|Shangani|Sesotho|Tonga|Venda|Xhosa|English|Tswana,ğŸ‡¿ğŸ‡¼,ISO 3166-2:ZW